CHURN,AGE,STATUS,GENDER,CHILDREN,EXPSAL,ACTSAL
0,28,MARRIED,Female,Yes,22000 ,15986 
0,24,MARRIED,Female,Yes,20000 ,21554 
0,24,MARRIED,Male,Yes,22000 ,19090 
0,27,MARRIED,Female,Yes,18000 ,21779 
0,24,MARRIED,Male,No,19000 ,16432 
0,28,MARRIED,Female,Yes,16000 ,17129 
0,31,MARRIED,Male,Yes,24000 ,22516 
0,27,MARRIED,Female,Yes,17000 ,17834 
0,25,MARRIED,Male,Yes,23000 ,20553 
0,28,MARRIED,Male,Yes,20000 ,18854 
0,25,MARRIED,Male,Yes,21000 ,16699 
0,24,MARRIED,Male,No,19000 ,18095 
0,25,MARRIED,Male,No,23000 ,17444 
0,28,MARRIED,Female,Yes,24000 ,14571 
0,24,SINGLE,Female,No,16000 ,14472 
0,26,MARRIED,Female,Yes,23000 ,16731 
0,27,SINGLE,Female,Yes,18000 ,18183 
0,32,MARRIED,Male,Yes,16000 ,22021 
0,24,MARRIED,Male,No,20000 ,17324 
0,27,MARRIED,Female,No,17000 ,20300 
0,31,MARRIED,Male,Yes,17000 ,19362 
0,24,MARRIED,Male,No,16000 ,20845 
0,31,MARRIED,Male,Yes,21000 ,22186 
0,32,SINGLE,Male,Yes,20000 ,19138 
0,26,SINGLE,Female,Yes,15000 ,22799 
0,25,MARRIED,Female,Yes,20000 ,19434 
0,30,MARRIED,Male,No,21000 ,17978 
0,32,SINGLE,Male,Yes,22000 ,19932 
0,27,SINGLE,Male,Yes,22000 ,16543 
0,24,SINGLE,Female,Yes,24000 ,15025 
0,24,SINGLE,Male,No,15000 ,14685 
0,32,MARRIED,Male,Yes,20000 ,16702 
0,30,MARRIED,Female,Yes,22000 ,18543 
0,24,MARRIED,Female,No,23000 ,15914 
0,32,SINGLE,Male,Yes,23000 ,14358 
0,26,MARRIED,Female,No,23000 ,17165 
0,29,MARRIED,Female,No,17000 ,22526 
0,30,MARRIED,Female,Yes,21000 ,17771 
0,26,MARRIED,Male,No,23000 ,16809 
0,28,MARRIED,Male,No,19000 ,22749 
0,29,MARRIED,Male,Yes,16000 ,17051 
0,28,MARRIED,Male,Yes,18000 ,15279 
0,25,MARRIED,Female,Yes,21000 ,17769 
0,24,MARRIED,Male,No,15000 ,14977 
0,29,MARRIED,Female,No,19000 ,18322 
0,24,MARRIED,Female,Yes,16000 ,19641 
0,28,MARRIED,Male,Yes,18000 ,18051 
0,29,SINGLE,Female,No,19000 ,21184 
0,26,MARRIED,Male,Yes,20000 ,22370 
0,29,MARRIED,Male,Yes,18000 ,15891 
0,25,SINGLE,Male,Yes,20000 ,20168 
0,31,MARRIED,Female,Yes,15000 ,21584 
0,31,SINGLE,Male,Yes,22000 ,18632 
0,31,SINGLE,Female,Yes,20000 ,22611 
0,26,MARRIED,Female,Yes,20000 ,19649 
0,29,MARRIED,Male,No,17000 ,15517 
0,31,MARRIED,Male,No,19000 ,14273 
0,25,MARRIED,Female,No,16000 ,18677 
0,26,MARRIED,Male,Yes,18000 ,22539 
0,26,SINGLE,Female,Yes,22000 ,16190 
0,28,MARRIED,Male,Yes,20000 ,20423 
0,26,MARRIED,Male,Yes,15000 ,19093 
0,25,MARRIED,Female,Yes,20000 ,18502 
0,27,MARRIED,Female,Yes,20000 ,14666 
0,32,MARRIED,Female,No,21000 ,14558 
0,31,SINGLE,Female,Yes,16000 ,15502 
0,30,SINGLE,Female,No,21000 ,16583 
0,24,MARRIED,Male,No,16000 ,22181 
0,32,MARRIED,Male,Yes,22000 ,15129 
0,32,MARRIED,Female,Yes,23000 ,20195 
0,32,SINGLE,Male,No,16000 ,15962 
0,27,MARRIED,Male,Yes,17000 ,16675 
0,26,SINGLE,Female,Yes,21000 ,21414 
0,26,SINGLE,Female,No,21000 ,14562 
0,30,SINGLE,Female,Yes,23000 ,20691 
0,32,MARRIED,Female,Yes,23000 ,15749 
0,30,SINGLE,Male,No,22000 ,20999 
0,29,SINGLE,Male,No,15000 ,19917 
0,31,SINGLE,Female,Yes,22000 ,17395 
0,31,SINGLE,Male,Yes,21000 ,18115 
0,28,MARRIED,Male,Yes,22000 ,20737 
0,32,MARRIED,Male,Yes,22000 ,15366 
0,24,MARRIED,Female,No,17000 ,18208 
0,25,SINGLE,Female,Yes,19000 ,17227 
0,28,MARRIED,Female,Yes,17000 ,16652 
0,27,MARRIED,Male,Yes,22000 ,21634 
0,27,MARRIED,Male,No,22000 ,21334 
0,29,MARRIED,Female,No,19000 ,14004 
0,28,MARRIED,Male,Yes,23000 ,15723 
0,29,SINGLE,Female,Yes,19000 ,22368 
0,25,MARRIED,Male,Yes,18000 ,19293 
0,30,SINGLE,Male,No,19000 ,18802 
0,26,MARRIED,Male,No,19000 ,17924 
0,32,MARRIED,Female,No,15000 ,17816 
0,33,MARRIED,Male,Yes,22000 ,21947 
0,34,MARRIED,Male,Yes,17000 ,17204 
0,25,SINGLE,Male,No,17000 ,20643 
0,29,MARRIED,Female,Yes,21000 ,13726 
0,32,MARRIED,Male,No,20000 ,15325 
0,31,MARRIED,Male,No,16000 ,22927 
0,29,SINGLE,Male,Yes,18000 ,18364 
0,29,SINGLE,Female,Yes,15000 ,20092 
0,34,MARRIED,Female,No,15000 ,18510 
0,32,MARRIED,Female,Yes,18000 ,17926 
0,32,MARRIED,Male,Yes,15000 ,21544 
0,33,SINGLE,Male,No,18000 ,21025 
0,32,MARRIED,Male,No,22000 ,15384 
0,32,SINGLE,Female,No,22000 ,22172 
0,29,MARRIED,Female,Yes,19000 ,20181 
0,30,SINGLE,Female,Yes,18000 ,18576 
0,25,MARRIED,Male,Yes,23000 ,18122 
0,33,SINGLE,Male,Yes,15000 ,17489 
0,33,SINGLE,Male,Yes,17000 ,18036 
0,26,SINGLE,Male,Yes,23000 ,19762 
0,32,SINGLE,Male,No,20000 ,20232 
0,28,MARRIED,Female,Yes,20000 ,16393 
0,24,MARRIED,Female,Yes,23000 ,22947 
0,32,MARRIED,Female,No,16000 ,20226 
0,29,MARRIED,Female,Yes,21000 ,20259 
0,33,MARRIED,Male,No,17000 ,21340 
0,31,MARRIED,Male,Yes,20000 ,14730 
0,27,MARRIED,Female,Yes,17000 ,22530 
0,24,MARRIED,Female,No,19000 ,20630 
0,29,MARRIED,Male,Yes,23000 ,21364 
0,31,MARRIED,Female,Yes,20000 ,15155 
0,32,SINGLE,Female,Yes,16000 ,20747 
0,32,MARRIED,Female,No,21000 ,21403 
0,27,MARRIED,Male,Yes,21000 ,13858 
0,24,MARRIED,Male,No,18000 ,17260 
0,32,SINGLE,Male,No,21000 ,17458 
0,34,MARRIED,Female,No,24000 ,19308 
0,25,SINGLE,Male,Yes,17000 ,18684 
0,27,SINGLE,Female,Yes,19000 ,18839 
0,28,MARRIED,Male,Yes,18000 ,21362 
0,32,SINGLE,Male,Yes,17000 ,18443 
0,24,MARRIED,Female,No,22000 ,18679 
0,30,SINGLE,Female,Yes,17000 ,19206 
0,24,MARRIED,Male,Yes,18000 ,19723 
0,31,MARRIED,Male,No,19000 ,14882 
0,31,MARRIED,Male,Yes,16000 ,17270 
0,27,SINGLE,Female,No,23000 ,14128 
0,33,SINGLE,Female,Yes,22000 ,18641 
0,25,SINGLE,Female,Yes,20000 ,22940 
0,26,MARRIED,Male,Yes,19000 ,13904 
0,34,MARRIED,Male,Yes,17000 ,17605 
0,32,MARRIED,Female,Yes,15000 ,18906 
0,27,MARRIED,Female,Yes,16000 ,21919 
0,32,SINGLE,Female,Yes,19000 ,20712 
0,34,MARRIED,Female,Yes,15000 ,15191 
0,26,MARRIED,Female,No,15000 ,13843 
0,27,MARRIED,Female,Yes,23000 ,18263 
0,30,MARRIED,Female,Yes,20000 ,18644 
0,33,SINGLE,Female,No,16000 ,19965 
0,26,MARRIED,Male,Yes,19000 ,16069 
0,31,SINGLE,Female,Yes,15000 ,21873 
0,29,MARRIED,Male,Yes,20000 ,22673 
0,30,MARRIED,Male,Yes,16000 ,21812 
0,28,SINGLE,Male,Yes,20000 ,16041 
0,29,SINGLE,Male,Yes,22000 ,18197 
0,25,MARRIED,Male,No,15000 ,21968 
0,25,MARRIED,Female,Yes,17000 ,20870 
0,33,MARRIED,Female,No,24000 ,18055 
0,33,MARRIED,Male,Yes,18000 ,20428 
0,24,SINGLE,Female,No,23000 ,13993 
0,33,MARRIED,Female,Yes,19000 ,15360 
0,31,MARRIED,Female,Yes,16000 ,17982 
0,32,SINGLE,Male,Yes,24000 ,17205 
0,30,MARRIED,Female,Yes,22000 ,16351 
0,31,MARRIED,Female,Yes,20000 ,14044 
0,31,MARRIED,Male,No,21000 ,20473 
0,32,SINGLE,Male,No,21000 ,22533 
0,28,MARRIED,Female,No,15000 ,18875 
0,30,MARRIED,Male,No,20000 ,18543 
0,24,MARRIED,Male,Yes,17000 ,19135 
0,24,MARRIED,Female,Yes,19000 ,16794 
0,26,SINGLE,Female,Yes,21000 ,20522 
0,32,MARRIED,Male,Yes,15000 ,17973 
0,34,MARRIED,Female,No,20000 ,18776 
0,24,MARRIED,Male,No,19000 ,20411 
0,24,SINGLE,Male,Yes,17000 ,18364 
0,24,MARRIED,Male,Yes,16000 ,22880 
0,33,MARRIED,Female,Yes,18000 ,22694 
0,31,MARRIED,Male,Yes,16000 ,14024 
0,34,MARRIED,Male,Yes,18000 ,20223 
0,32,SINGLE,Female,No,20000 ,16688 
0,33,SINGLE,Male,Yes,16000 ,16487 
0,28,MARRIED,Male,Yes,15000 ,21614 
0,34,MARRIED,Female,Yes,23000 ,15454 
0,28,SINGLE,Female,Yes,22000 ,19222 
0,30,MARRIED,Male,No,21000 ,19354 
0,27,MARRIED,Female,Yes,17000 ,17050 
0,30,MARRIED,Female,Yes,19000 ,19457 
0,33,MARRIED,Male,Yes,15000 ,15636 
0,29,MARRIED,Female,No,19000 ,18032 
0,26,MARRIED,Female,Yes,15000 ,15757 
0,24,MARRIED,Female,No,23000 ,16697 
0,32,SINGLE,Female,Yes,16000 ,14679 
0,30,MARRIED,Male,No,24000 ,13947 
0,33,MARRIED,Male,Yes,16000 ,20103 
0,34,MARRIED,Female,Yes,17000 ,18220 
0,30,SINGLE,Male,Yes,17000 ,17846 
0,29,MARRIED,Male,Yes,17000 ,21593 
0,31,SINGLE,Male,No,19000 ,21979 
0,34,MARRIED,Female,No,19000 ,22677 
0,29,SINGLE,Male,Yes,17000 ,20164 
0,31,MARRIED,Female,No,16000 ,17856 
0,34,MARRIED,Female,Yes,16000 ,15819 
0,25,MARRIED,Male,Yes,21000 ,22275 
0,29,MARRIED,Male,Yes,21000 ,14553 
0,24,MARRIED,Female,Yes,20000 ,17738 
0,33,MARRIED,Male,Yes,19000 ,20566 
0,31,MARRIED,Male,Yes,16000 ,16211 
0,24,SINGLE,Female,No,23000 ,16189 
0,30,MARRIED,Male,Yes,24000 ,18652 
0,30,MARRIED,Female,No,19000 ,14029 
0,29,SINGLE,Male,No,20000 ,21526 
0,33,SINGLE,Male,Yes,19000 ,18590 
0,26,MARRIED,Female,Yes,20000 ,19846 
0,32,SINGLE,Female,Yes,18000 ,14543 
0,34,MARRIED,Male,No,16000 ,22493 
0,28,MARRIED,Male,Yes,16000 ,20580 
0,26,MARRIED,Female,Yes,22000 ,18746 
0,30,SINGLE,Female,Yes,15000 ,21179 
0,31,MARRIED,Female,No,21000 ,16640 
0,33,SINGLE,Female,No,15000 ,22453 
0,31,MARRIED,Female,Yes,21000 ,13783 
0,28,SINGLE,Female,No,18000 ,14615 
0,24,SINGLE,Male,Yes,21000 ,18858 
0,25,MARRIED,Male,Yes,21000 ,19014 
0,25,MARRIED,Female,No,15000 ,20325 
0,34,MARRIED,Female,Yes,19000 ,14118 
0,30,SINGLE,Male,Yes,22000 ,19303 
0,25,MARRIED,Male,Yes,15000 ,19806 
0,25,SINGLE,Female,No,19000 ,22718 
0,29,MARRIED,Male,No,22000 ,15064 
0,30,MARRIED,Female,Yes,22000 ,21606 
0,27,MARRIED,Female,No,22000 ,19171 
0,31,SINGLE,Male,No,21000 ,20086 
0,30,MARRIED,Male,Yes,20000 ,18097 
0,31,MARRIED,Female,Yes,15000 ,19480 
0,32,MARRIED,Male,Yes,24000 ,18565 
0,33,SINGLE,Male,No,15000 ,17179 
0,25,SINGLE,Male,Yes,22000 ,21120 
0,27,MARRIED,Female,No,24000 ,13945 
0,25,MARRIED,Male,Yes,22000 ,15118 
0,25,MARRIED,Female,Yes,20000 ,20643 
0,26,MARRIED,Male,Yes,22000 ,17164 
0,27,MARRIED,Female,Yes,18000 ,16970 
0,26,MARRIED,Male,Yes,20000 ,20736 
0,32,MARRIED,Male,Yes,15000 ,18889 
0,33,MARRIED,Male,Yes,20000 ,18827 
0,32,SINGLE,Male,Yes,20000 ,13899 
0,25,SINGLE,Female,Yes,18000 ,16528 
0,27,SINGLE,Female,Yes,15000 ,16896 
0,28,MARRIED,Female,Yes,20000 ,15173 
0,24,SINGLE,Male,Yes,20000 ,20038 
0,32,MARRIED,Female,Yes,23000 ,20427 
0,32,MARRIED,Male,Yes,15000 ,16323 
0,27,MARRIED,Male,No,23000 ,15550 
0,25,MARRIED,Male,Yes,23000 ,17877 
0,30,SINGLE,Female,Yes,15000 ,21279 
0,29,MARRIED,Female,Yes,19000 ,20723 
0,25,MARRIED,Female,Yes,21000 ,18373 
0,26,MARRIED,Male,No,22000 ,18205 
0,34,MARRIED,Female,No,18000 ,18850 
0,30,SINGLE,Female,No,23000 ,14586 
0,29,MARRIED,Male,Yes,22000 ,20988 
0,30,MARRIED,Female,Yes,17000 ,14888 
0,31,MARRIED,Male,Yes,20000 ,16749 
0,32,MARRIED,Male,No,22000 ,16838 
0,33,MARRIED,Male,Yes,19000 ,21938 
0,24,MARRIED,Male,Yes,23000 ,20567 
0,31,SINGLE,Male,Yes,23000 ,17156 
0,31,SINGLE,Male,No,16000 ,20138 
0,31,SINGLE,Male,No,22000 ,22327 
0,25,MARRIED,Female,No,16000 ,14701 
0,34,MARRIED,Female,Yes,19000 ,14937 
0,27,MARRIED,Male,Yes,19000 ,18593 
0,32,MARRIED,Male,Yes,22000 ,22268 
0,29,MARRIED,Male,No,21000 ,19954 
0,25,MARRIED,Female,Yes,18000 ,21632 
0,25,SINGLE,Male,Yes,20000 ,13957 
0,26,SINGLE,Male,Yes,16000 ,15216 
0,25,MARRIED,Female,Yes,21000 ,16615 
0,25,SINGLE,Male,Yes,15000 ,16076 
0,31,SINGLE,Male,No,19000 ,15310 
0,32,SINGLE,Male,Yes,18000 ,14151 
0,30,MARRIED,Male,No,20000 ,22433 
0,31,SINGLE,Male,Yes,18000 ,14574 
0,29,MARRIED,Male,Yes,22000 ,17816 
0,28,MARRIED,Male,Yes,17000 ,13864 
0,30,MARRIED,Male,Yes,17000 ,14978 
0,34,SINGLE,Male,Yes,19000 ,14176 
0,26,MARRIED,Male,No,19000 ,20540 
0,33,MARRIED,Female,Yes,21000 ,16447 
0,32,SINGLE,Male,Yes,22000 ,18751 
0,28,MARRIED,Male,Yes,22000 ,20565 
0,32,SINGLE,Male,No,23000 ,22693 
0,30,SINGLE,Male,Yes,17000 ,14270 
0,33,MARRIED,Female,Yes,22000 ,15351 
0,31,MARRIED,Female,No,16000 ,22418 
0,24,MARRIED,Male,Yes,17000 ,22780 
0,26,MARRIED,Male,Yes,23000 ,14456 
0,27,MARRIED,Female,Yes,22000 ,17686 
0,34,MARRIED,Male,Yes,22000 ,21291 
0,28,SINGLE,Female,No,19000 ,16650 
0,25,MARRIED,Female,No,16000 ,19430 
0,26,MARRIED,Male,Yes,17000 ,16434 
0,27,SINGLE,Male,No,18000 ,22649 
0,30,SINGLE,Female,Yes,18000 ,15249 
0,34,SINGLE,Female,No,23000 ,19132 
0,32,MARRIED,Female,No,17000 ,16716 
0,24,SINGLE,Female,Yes,18000 ,16014 
0,26,MARRIED,Female,Yes,18000 ,20453 
0,29,MARRIED,Female,Yes,15000 ,20939 
0,27,MARRIED,Female,Yes,23000 ,19720 
0,34,MARRIED,Male,Yes,17000 ,17449 
0,27,SINGLE,Female,No,15000 ,19747 
0,33,SINGLE,Male,Yes,21000 ,15918 
0,31,SINGLE,Male,Yes,17000 ,21039 
0,33,MARRIED,Female,No,19000 ,22419 
0,27,SINGLE,Female,Yes,23000 ,17258 
0,32,MARRIED,Female,No,22000 ,17836 
0,27,MARRIED,Male,No,17000 ,16186 
0,26,MARRIED,Female,Yes,15000 ,17832 
0,29,SINGLE,Female,Yes,21000 ,18980 
0,33,SINGLE,Male,Yes,21000 ,20261 
0,30,MARRIED,Male,Yes,24000 ,15814 
0,26,MARRIED,Male,No,18000 ,21675 
0,30,MARRIED,Female,Yes,15000 ,22007 
0,33,MARRIED,Male,Yes,16000 ,22478 
0,26,SINGLE,Male,No,22000 ,13717 
0,26,SINGLE,Female,Yes,24000 ,15163 
0,31,MARRIED,Female,Yes,20000 ,17044 
0,28,MARRIED,Male,Yes,17000 ,14132 
0,27,MARRIED,Female,No,17000 ,13913 
0,32,MARRIED,Female,Yes,19000 ,15082 
0,29,SINGLE,Female,No,16000 ,21861 
0,26,SINGLE,Female,No,22000 ,18818 
0,34,MARRIED,Male,Yes,20000 ,21041 
0,26,SINGLE,Female,No,17000 ,15262 
0,31,MARRIED,Male,Yes,19000 ,20631 
0,30,MARRIED,Male,No,17000 ,17375 
0,30,MARRIED,Male,No,23000 ,15580 
0,25,SINGLE,Male,No,19000 ,22583 
0,27,SINGLE,Male,Yes,24000 ,13878 
0,28,SINGLE,Female,Yes,17000 ,16669 
0,33,SINGLE,Female,No,21000 ,22906 
0,28,MARRIED,Male,No,20000 ,21681 
0,27,MARRIED,Female,Yes,17000 ,22596 
0,24,SINGLE,Male,Yes,24000 ,13832 
0,30,MARRIED,Male,No,20000 ,19581 
0,25,MARRIED,Male,Yes,20000 ,21276 
0,33,SINGLE,Male,Yes,20000 ,22307 
0,25,MARRIED,Female,Yes,23000 ,16408 
0,33,SINGLE,Male,Yes,21000 ,22621 
0,24,MARRIED,Female,Yes,15000 ,13737 
0,28,SINGLE,Male,Yes,20000 ,22426 
0,26,SINGLE,Female,No,20000 ,13748 
0,31,SINGLE,Male,No,16000 ,22217 
0,34,MARRIED,Female,No,20000 ,20673 
0,30,SINGLE,Female,Yes,21000 ,19656 
0,33,SINGLE,Female,Yes,18000 ,20965 
0,31,SINGLE,Female,Yes,20000 ,16997 
0,27,MARRIED,Male,No,22000 ,21987 
0,28,SINGLE,Male,Yes,19000 ,15800 
0,26,MARRIED,Male,Yes,19000 ,18336 
0,27,SINGLE,Male,Yes,21000 ,17515 
0,24,SINGLE,Female,Yes,18000 ,22100 
0,29,MARRIED,Female,Yes,22000 ,19623 
0,27,SINGLE,Male,No,21000 ,14739 
0,27,MARRIED,Male,Yes,20000 ,17690 
0,28,SINGLE,Female,Yes,17000 ,16809 
0,27,MARRIED,Male,No,21000 ,16613 
0,28,SINGLE,Male,Yes,19000 ,22316 
0,32,SINGLE,Female,Yes,18000 ,18473 
0,33,MARRIED,Female,Yes,20000 ,21877 
0,25,MARRIED,Female,Yes,21000 ,22091 
0,26,MARRIED,Male,Yes,20000 ,22642 
0,30,SINGLE,Female,Yes,16000 ,16454 
0,33,MARRIED,Female,No,22000 ,17652 
0,29,SINGLE,Female,Yes,21000 ,21366 
0,25,MARRIED,Male,No,15000 ,20466 
0,26,SINGLE,Male,Yes,16000 ,21098 
0,30,MARRIED,Male,Yes,17000 ,21661 
0,30,SINGLE,Female,Yes,19000 ,16960 
0,32,SINGLE,Female,Yes,16000 ,15116 
0,33,SINGLE,Female,Yes,22000 ,20362 
0,33,SINGLE,Female,Yes,17000 ,17852 
0,33,MARRIED,Female,Yes,18000 ,19464 
0,31,SINGLE,Female,No,18000 ,21648 
0,26,MARRIED,Male,Yes,24000 ,21699 
0,25,MARRIED,Female,Yes,18000 ,15892 
0,26,MARRIED,Female,Yes,20000 ,17997 
0,34,MARRIED,Female,Yes,15000 ,17776 
0,27,MARRIED,Male,No,18000 ,21170 
0,30,MARRIED,Male,Yes,18000 ,14646 
0,31,MARRIED,Male,No,19000 ,19613 
0,32,SINGLE,Male,Yes,19000 ,17438 
0,26,SINGLE,Male,Yes,22000 ,15640 
0,31,SINGLE,Male,Yes,15000 ,21630 
0,32,MARRIED,Female,Yes,21000 ,15849 
0,30,SINGLE,Female,No,22000 ,14096 
0,25,SINGLE,Male,Yes,24000 ,14687 
0,31,MARRIED,Male,Yes,20000 ,20482 
0,24,SINGLE,Male,Yes,20000 ,21347 
0,29,SINGLE,Female,No,19000 ,18833 
0,30,MARRIED,Male,Yes,15000 ,22857 
0,31,MARRIED,Male,Yes,22000 ,17502 
0,29,SINGLE,Female,Yes,19000 ,20490 
0,26,SINGLE,Female,Yes,22000 ,15588 
0,27,SINGLE,Female,Yes,18000 ,22158 
0,33,MARRIED,Male,Yes,15000 ,14071 
0,30,SINGLE,Male,Yes,23000 ,19837 
0,30,SINGLE,Male,Yes,22000 ,16339 
0,27,SINGLE,Female,Yes,19000 ,17109 
0,29,SINGLE,Male,Yes,17000 ,14818 
0,31,MARRIED,Male,Yes,18000 ,18907 
0,27,MARRIED,Male,Yes,16000 ,16542 
0,29,SINGLE,Male,No,23000 ,18136 
0,28,SINGLE,Male,Yes,15000 ,16171 
0,28,SINGLE,Male,Yes,16000 ,21356 
0,33,MARRIED,Male,Yes,18000 ,20713 
0,28,SINGLE,Female,Yes,21000 ,16871 
0,25,MARRIED,Female,Yes,20000 ,18748 
0,26,SINGLE,Male,Yes,23000 ,21735 
0,28,MARRIED,Female,No,18000 ,18337 
0,32,MARRIED,Male,Yes,23000 ,17227 
0,34,SINGLE,Male,Yes,18000 ,16254 
0,32,MARRIED,Male,Yes,20000 ,13898 
0,30,SINGLE,Male,Yes,23000 ,22402 
0,27,MARRIED,Female,Yes,21000 ,20596 
0,32,SINGLE,Female,Yes,17000 ,18442 
0,30,MARRIED,Male,Yes,18000 ,15459 
0,24,MARRIED,Female,Yes,19000 ,17977 
0,29,SINGLE,Female,Yes,16000 ,20732 
0,32,SINGLE,Female,No,24000 ,17943 
0,31,SINGLE,Male,No,22000 ,20104 
0,29,SINGLE,Male,No,21000 ,16306 
0,28,SINGLE,Female,Yes,17000 ,20068 
0,24,SINGLE,Male,Yes,15000 ,14779 
0,32,SINGLE,Female,Yes,17000 ,19198 
0,32,SINGLE,Female,Yes,19000 ,15039 
0,24,SINGLE,Male,Yes,16000 ,16654 
0,30,MARRIED,Male,Yes,20000 ,16557 
0,28,MARRIED,Male,Yes,21000 ,14899 
0,28,SINGLE,Male,No,18000 ,16164 
0,26,SINGLE,Male,Yes,23000 ,17840 
0,25,SINGLE,Female,Yes,20000 ,17659 
0,24,SINGLE,Male,Yes,23000 ,14131 
0,34,SINGLE,Female,No,23000 ,19725 
0,24,SINGLE,Male,No,24000 ,17726 
0,31,SINGLE,Male,Yes,20000 ,22129 
0,32,SINGLE,Male,Yes,18000 ,17687 
0,26,SINGLE,Male,No,22000 ,16985 
0,30,MARRIED,Male,Yes,19000 ,17105 
0,27,MARRIED,Male,Yes,20000 ,21073 
0,32,SINGLE,Female,Yes,21000 ,15205 
0,30,MARRIED,Female,No,22000 ,14880 
0,27,SINGLE,Male,Yes,16000 ,22089 
0,26,SINGLE,Male,Yes,15000 ,18775 
0,26,MARRIED,Male,Yes,16000 ,15500 
0,24,MARRIED,Male,No,20000 ,17543 
0,26,SINGLE,Female,Yes,21000 ,21402 
0,29,SINGLE,Male,No,15000 ,14108 
0,30,MARRIED,Male,No,16000 ,22883 
0,28,SINGLE,Female,Yes,17000 ,21668 
0,24,SINGLE,Male,Yes,16000 ,21096 
0,25,SINGLE,Male,Yes,24000 ,22612 
0,30,SINGLE,Male,Yes,17000 ,15789 
0,27,SINGLE,Female,Yes,16000 ,21174 
0,26,SINGLE,Male,No,16000 ,16265 
0,31,MARRIED,Female,Yes,19000 ,14484 
0,26,SINGLE,Male,Yes,17000 ,19363 
0,32,MARRIED,Male,Yes,17000 ,14689 
0,32,MARRIED,Male,Yes,22000 ,16079 
0,29,MARRIED,Female,No,15000 ,15008 
0,33,MARRIED,Female,Yes,21000 ,22458 
0,25,SINGLE,Female,Yes,18000 ,19890 
0,33,MARRIED,Male,Yes,16000 ,20811 
0,27,SINGLE,Male,No,15000 ,19956 
0,25,SINGLE,Male,No,18000 ,15902 
0,29,MARRIED,Female,Yes,20000 ,16658 
0,28,MARRIED,Female,Yes,21000 ,22595 
0,31,MARRIED,Female,No,23000 ,21971 
0,30,MARRIED,Female,Yes,17000 ,20010 
0,34,MARRIED,Female,Yes,17000 ,18181 
0,28,MARRIED,Male,No,22000 ,14332 
0,30,MARRIED,Male,No,19000 ,13982 
0,34,MARRIED,Male,Yes,23000 ,14719 
0,26,MARRIED,Female,Yes,16000 ,14379 
0,34,MARRIED,Male,No,18000 ,16357 
0,32,SINGLE,Male,Yes,18000 ,18489 
0,27,SINGLE,Male,No,18000 ,15502 
0,28,SINGLE,Male,No,19000 ,22333 
0,29,MARRIED,Female,Yes,19000 ,19256 
0,30,MARRIED,Male,Yes,18000 ,21171 
0,24,MARRIED,Male,No,24000 ,17105 
0,24,SINGLE,Female,Yes,15000 ,16728 
0,31,SINGLE,Female,Yes,16000 ,20106 
0,25,MARRIED,Female,No,23000 ,17965 
0,26,SINGLE,Female,Yes,18000 ,20347 
0,34,SINGLE,Female,No,17000 ,15906 
0,30,MARRIED,Female,No,22000 ,18280 
0,25,SINGLE,Female,Yes,20000 ,16642 
0,25,SINGLE,Male,Yes,20000 ,22085 
0,31,MARRIED,Female,Yes,22000 ,18033 
0,27,MARRIED,Male,Yes,18000 ,21027 
0,29,SINGLE,Female,Yes,22000 ,22820 
0,26,MARRIED,Female,Yes,20000 ,19438 
0,32,MARRIED,Female,Yes,18000 ,15499 
0,28,MARRIED,Male,Yes,16000 ,21955 
0,27,MARRIED,Male,Yes,18000 ,13906 
0,26,MARRIED,Male,Yes,23000 ,16677 
0,26,MARRIED,Male,No,15000 ,17197 
0,25,MARRIED,Female,Yes,21000 ,14687 
0,29,SINGLE,Male,Yes,15000 ,22038 
0,31,MARRIED,Female,Yes,22000 ,19496 
0,34,MARRIED,Male,Yes,22000 ,20112 
0,31,MARRIED,Male,No,16000 ,19728 
0,32,SINGLE,Female,Yes,24000 ,15040 
0,30,MARRIED,Male,No,22000 ,17377 
0,27,SINGLE,Female,Yes,22000 ,15748 
0,28,MARRIED,Female,No,17000 ,20203 
0,32,SINGLE,Female,Yes,23000 ,22293 
0,30,MARRIED,Female,Yes,15000 ,22410 
0,31,MARRIED,Female,Yes,23000 ,16690 
0,27,MARRIED,Female,No,18000 ,16155 
0,30,SINGLE,Male,Yes,23000 ,17179 
0,26,MARRIED,Male,No,22000 ,21030 
0,29,MARRIED,Male,No,24000 ,21959 
0,25,SINGLE,Female,No,15000 ,17674 
0,30,MARRIED,Female,No,17000 ,14431 
0,34,MARRIED,Female,Yes,16000 ,17179 
0,25,SINGLE,Male,No,23000 ,15312 
0,31,SINGLE,Male,Yes,16000 ,16075 
0,24,MARRIED,Female,No,24000 ,16764 
0,28,MARRIED,Male,Yes,18000 ,16072 
0,24,SINGLE,Female,No,17000 ,16659 
0,28,SINGLE,Male,Yes,15000 ,20945 
0,34,MARRIED,Male,Yes,24000 ,18246 
0,30,MARRIED,Male,No,17000 ,14482 
0,32,SINGLE,Male,Yes,18000 ,21027 
0,29,MARRIED,Male,Yes,16000 ,14394 
0,33,SINGLE,Male,Yes,19000 ,15411 
0,25,SINGLE,Male,No,15000 ,16259 
0,34,SINGLE,Male,Yes,15000 ,21042 
0,26,MARRIED,Male,Yes,16000 ,17139 
0,25,SINGLE,Male,Yes,16000 ,17040 
0,25,MARRIED,Male,No,19000 ,15135 
0,32,SINGLE,Male,No,18000 ,21737 
0,29,SINGLE,Female,No,21000 ,17860 
0,33,MARRIED,Female,No,18000 ,21636 
0,31,SINGLE,Male,Yes,21000 ,18637 
0,31,SINGLE,Male,Yes,20000 ,19154 
0,27,MARRIED,Female,Yes,20000 ,17199 
0,31,MARRIED,Female,Yes,15000 ,15837 
0,28,SINGLE,Male,Yes,21000 ,18503 
0,25,SINGLE,Male,Yes,17000 ,18751 
0,31,SINGLE,Female,No,15000 ,22067 
0,33,SINGLE,Female,Yes,16000 ,14031 
0,32,MARRIED,Male,Yes,18000 ,20035 
0,28,MARRIED,Female,Yes,18000 ,17203 
0,26,MARRIED,Male,No,16000 ,16359 
0,28,SINGLE,Female,No,17000 ,19583 
0,26,MARRIED,Male,No,22000 ,17752 
0,25,SINGLE,Male,Yes,21000 ,20471 
0,24,SINGLE,Male,Yes,17000 ,19533 
0,24,SINGLE,Male,Yes,23000 ,19873 
0,32,SINGLE,Male,Yes,15000 ,15804 
0,31,MARRIED,Male,No,16000 ,15831 
0,30,MARRIED,Female,No,15000 ,14705 
0,27,SINGLE,Male,No,16000 ,22929 
0,30,SINGLE,Female,No,19000 ,20460 
0,28,SINGLE,Female,Yes,18000 ,20202 
0,25,MARRIED,Male,Yes,15000 ,16331 
0,33,MARRIED,Male,Yes,15000 ,22818 
0,25,SINGLE,Female,Yes,18000 ,18567 
0,25,SINGLE,Female,Yes,18000 ,16123 
0,28,MARRIED,Female,No,19000 ,16563 
0,32,SINGLE,Female,Yes,22000 ,18925 
0,31,MARRIED,Female,No,18000 ,20751 
0,24,SINGLE,Female,Yes,19000 ,21340 
0,32,SINGLE,Male,Yes,18000 ,14504 
0,34,MARRIED,Female,No,19000 ,21884 
0,34,MARRIED,Female,Yes,18000 ,20607 
0,27,SINGLE,Female,Yes,17000 ,16226 
0,32,SINGLE,Female,Yes,23000 ,22991 
0,31,SINGLE,Female,Yes,15000 ,18229 
0,30,MARRIED,Male,No,16000 ,22056 
0,25,MARRIED,Female,Yes,17000 ,17577 
0,28,MARRIED,Male,No,15000 ,20741 
0,34,MARRIED,Female,No,19000 ,22078 
0,25,MARRIED,Female,Yes,15000 ,22929 
0,29,SINGLE,Female,Yes,23000 ,14865 
0,34,MARRIED,Female,No,21000 ,15576 
0,31,SINGLE,Female,Yes,17000 ,15535 
0,33,MARRIED,Female,No,16000 ,16150 
0,34,MARRIED,Female,Yes,23000 ,18784 
0,27,SINGLE,Male,No,18000 ,14047 
0,29,SINGLE,Female,No,23000 ,21934 
0,32,MARRIED,Male,No,20000 ,15963 
0,32,MARRIED,Female,No,19000 ,21819 
0,28,SINGLE,Female,Yes,22000 ,16283 
0,25,SINGLE,Female,Yes,15000 ,22346 
0,29,MARRIED,Male,Yes,19000 ,20146 
0,26,SINGLE,Male,Yes,23000 ,17013 
0,26,MARRIED,Female,No,21000 ,16644 
0,24,SINGLE,Male,Yes,21000 ,15424 
0,28,SINGLE,Male,Yes,16000 ,15091 
0,24,SINGLE,Male,Yes,17000 ,14405 
0,26,MARRIED,Male,No,17000 ,19193 
0,32,MARRIED,Male,No,16000 ,20295 
0,34,SINGLE,Male,No,21000 ,17488 
0,26,SINGLE,Male,Yes,18000 ,19003 
0,27,SINGLE,Male,Yes,16000 ,16883 
0,33,MARRIED,Female,Yes,16000 ,15003 
0,32,SINGLE,Male,Yes,18000 ,22027 
0,28,MARRIED,Female,No,18000 ,17898 
0,29,SINGLE,Male,Yes,22000 ,16855 
0,24,MARRIED,Male,Yes,19000 ,20030 
0,30,SINGLE,Female,Yes,22000 ,17471 
0,32,MARRIED,Male,Yes,15000 ,21689 
0,27,MARRIED,Female,No,16000 ,19325 
0,33,SINGLE,Male,Yes,20000 ,20119 
0,24,SINGLE,Male,No,21000 ,18105 
0,24,MARRIED,Male,No,22000 ,15266 
0,26,SINGLE,Male,Yes,16000 ,19237 
0,31,MARRIED,Male,Yes,23000 ,20225 
0,24,MARRIED,Female,No,15000 ,19641 
0,33,SINGLE,Male,Yes,16000 ,15914 
0,27,MARRIED,Male,No,24000 ,17157 
0,24,MARRIED,Male,Yes,23000 ,16673 
0,27,SINGLE,Female,Yes,21000 ,13878 
0,26,MARRIED,Male,No,16000 ,19220 
0,28,SINGLE,Female,No,17000 ,14033 
0,26,MARRIED,Female,Yes,21000 ,16774 
0,25,SINGLE,Female,Yes,22000 ,18739 
0,29,MARRIED,Male,No,19000 ,18576 
0,32,SINGLE,Female,No,20000 ,20564 
0,34,MARRIED,Female,Yes,17000 ,19393 
0,34,MARRIED,Female,Yes,18000 ,22311 
0,29,MARRIED,Male,Yes,17000 ,18339 
0,28,SINGLE,Female,Yes,17000 ,20944 
0,32,SINGLE,Female,Yes,20000 ,17984 
0,33,MARRIED,Female,Yes,16000 ,14929 
0,27,MARRIED,Male,No,19000 ,22301 
0,33,SINGLE,Male,No,21000 ,16117 
0,29,MARRIED,Female,Yes,21000 ,14483 
0,34,SINGLE,Female,Yes,22000 ,16201 
0,29,SINGLE,Female,Yes,23000 ,19451 
0,24,MARRIED,Female,No,21000 ,14113 
0,26,MARRIED,Male,Yes,18000 ,17023 
0,29,MARRIED,Male,No,15000 ,16907 
0,27,MARRIED,Male,Yes,16000 ,16905 
0,27,SINGLE,Female,Yes,17000 ,14646 
0,30,MARRIED,Male,Yes,21000 ,21719 
0,24,SINGLE,Male,Yes,17000 ,22048 
0,28,SINGLE,Female,Yes,20000 ,14854 
0,27,SINGLE,Male,Yes,18000 ,18051 
0,28,MARRIED,Male,No,21000 ,21421 
0,30,SINGLE,Female,Yes,17000 ,18921 
0,31,SINGLE,Female,Yes,18000 ,17957 
0,31,SINGLE,Female,No,20000 ,22853 
0,27,MARRIED,Male,No,16000 ,19921 
0,26,MARRIED,Female,Yes,19000 ,22844 
0,34,MARRIED,Male,Yes,20000 ,14693 
0,29,MARRIED,Male,Yes,17000 ,22800 
0,31,SINGLE,Male,Yes,21000 ,22750 
0,24,SINGLE,Female,Yes,22000 ,15768 
0,27,MARRIED,Male,No,24000 ,15569 
0,29,SINGLE,Female,Yes,18000 ,14189 
0,33,MARRIED,Female,Yes,18000 ,20483 
0,33,SINGLE,Male,Yes,15000 ,21727 
0,25,MARRIED,Female,Yes,16000 ,22188 
0,30,SINGLE,Female,Yes,20000 ,16836 
0,24,MARRIED,Female,Yes,24000 ,22880 
0,24,SINGLE,Male,Yes,23000 ,18304 
0,29,MARRIED,Male,Yes,28000 ,17578 
0,31,MARRIED,Female,Yes,20000 ,17913 
0,29,SINGLE,Female,No,26000 ,18038 
0,25,SINGLE,Female,Yes,20000 ,14133 
0,33,MARRIED,Female,Yes,17000 ,15468 
0,31,SINGLE,Female,Yes,22000 ,20241 
0,29,MARRIED,Male,No,26000 ,14846 
0,29,MARRIED,Male,Yes,27000 ,22208 
0,30,SINGLE,Female,No,23000 ,19124 
0,24,SINGLE,Female,Yes,21000 ,17166 
0,29,SINGLE,Female,Yes,17000 ,20579 
0,28,SINGLE,Female,No,24000 ,20998 
0,26,SINGLE,Male,Yes,19000 ,22370 
0,27,SINGLE,Female,Yes,15000 ,22116 
0,27,SINGLE,Female,Yes,24000 ,18215 
0,34,SINGLE,Female,Yes,17000 ,18136 
0,30,SINGLE,Male,Yes,24000 ,19352 
0,34,MARRIED,Male,No,21000 ,22791 
0,28,SINGLE,Male,Yes,25000 ,15571 
0,34,SINGLE,Female,No,21000 ,17204 
0,28,MARRIED,Male,Yes,22000 ,18496 
0,33,SINGLE,Female,Yes,16000 ,22022 
0,31,MARRIED,Female,Yes,19000 ,16164 
0,24,MARRIED,Male,No,26000 ,15467 
0,27,MARRIED,Male,Yes,20000 ,21849 
0,24,MARRIED,Female,Yes,18000 ,18383 
0,32,MARRIED,Male,Yes,23000 ,20290 
0,27,MARRIED,Female,Yes,23000 ,16531 
0,27,SINGLE,Male,No,20000 ,14706 
0,25,MARRIED,Male,No,15000 ,18130 
0,28,SINGLE,Male,No,25000 ,13920 
0,34,SINGLE,Female,No,17000 ,17710 
0,31,SINGLE,Female,No,22000 ,17723 
0,30,SINGLE,Female,No,18000 ,20632 
0,34,SINGLE,Male,No,26000 ,16567 
0,30,SINGLE,Female,No,18000 ,19359 
0,25,SINGLE,Male,No,16000 ,18237 
0,32,SINGLE,Female,Yes,23000 ,22172 
0,27,MARRIED,Male,Yes,15000 ,15238 
0,27,SINGLE,Female,No,24000 ,14516 
0,29,SINGLE,Female,No,18000 ,21850 
0,28,SINGLE,Female,No,26000 ,14235 
0,27,SINGLE,Male,No,27000 ,23000 
0,28,SINGLE,Female,No,21000 ,17011 
0,24,SINGLE,Male,No,25000 ,21810 
0,28,SINGLE,Male,No,19000 ,21867 
0,34,MARRIED,Male,No,27000 ,15365 
0,30,MARRIED,Male,No,22000 ,21009 
1,29,MARRIED,Female,Yes,28000 ,21726 
1,25,MARRIED,Male,No,25000 ,22265 
1,35,MARRIED,Male,Yes,23000 ,15126 
1,41,MARRIED,Female,No,22000 ,22678 
1,45,MARRIED,Female,No,21000 ,21219 
1,43,MARRIED,Male,Yes,26000 ,16123 
1,30,MARRIED,Male,Yes,18000 ,21497 
1,41,MARRIED,Female,Yes,16000 ,20946 
0,43,SINGLE,Female,Yes,23000 ,14511 
1,36,MARRIED,Male,No,25000 ,20298 
1,29,MARRIED,Female,No,15000 ,22698 
0,36,MARRIED,Male,Yes,21000 ,14444 
1,41,MARRIED,Female,No,18000 ,19674 
1,32,MARRIED,Male,Yes,22000 ,16733 
1,29,SINGLE,Female,No,26000 ,14220 
1,31,SINGLE,Male,No,26000 ,21546 
1,33,SINGLE,Male,No,16000 ,16445 
1,33,MARRIED,Female,Yes,28000 ,19389 
1,31,MARRIED,Female,No,28000 ,19018 
0,36,MARRIED,Male,No,23000 ,18121 
0,46,SINGLE,Male,Yes,22000 ,14039 
1,28,SINGLE,Female,No,27000 ,17816 
1,32,SINGLE,Male,No,18000 ,17669 
0,37,MARRIED,Female,Yes,24000 ,16303 
1,33,SINGLE,Male,Yes,25000 ,21552 
0,45,SINGLE,Female,Yes,22000 ,13938 
1,44,SINGLE,Male,No,18000 ,21908 
1,37,MARRIED,Male,Yes,21000 ,17336 
1,26,MARRIED,Male,No,25000 ,14229 
0,37,SINGLE,Male,Yes,16000 ,19167 
1,27,MARRIED,Female,No,23000 ,22736 
1,41,MARRIED,Male,Yes,21000 ,16165 
1,33,MARRIED,Female,Yes,23000 ,14712 
1,30,SINGLE,Male,Yes,25000 ,15873 
0,42,MARRIED,Female,No,19000 ,19624 
1,30,SINGLE,Male,No,25000 ,22149 
1,27,SINGLE,Female,Yes,23000 ,16651 
0,37,SINGLE,Female,Yes,16000 ,14583 
1,44,MARRIED,Male,Yes,28000 ,21961 
1,33,SINGLE,Male,Yes,16000 ,16968 
1,34,MARRIED,Female,Yes,18000 ,19927 
0,37,MARRIED,Male,No,17000 ,19700 
0,46,MARRIED,Male,Yes,16000 ,17658 
0,36,MARRIED,Female,No,28000 ,19559 
1,31,SINGLE,Female,No,23000 ,14597 
1,27,SINGLE,Male,Yes,26000 ,14783 
1,38,SINGLE,Female,No,20000 ,21697 
0,44,SINGLE,Male,Yes,23000 ,19835 
1,45,SINGLE,Male,No,22000 ,20298 
1,45,SINGLE,Female,Yes,26000 ,17973 
1,26,MARRIED,Female,Yes,24000 ,17660 
0,39,SINGLE,Male,Yes,20000 ,20159 
0,39,MARRIED,Female,Yes,24000 ,16470 
1,34,MARRIED,Female,No,28000 ,16896 
1,46,MARRIED,Female,Yes,17000 ,17263 
1,25,MARRIED,Male,Yes,19000 ,21102 
0,42,SINGLE,Female,Yes,18000 ,15097 
1,26,SINGLE,Male,Yes,27000 ,21117 
1,28,MARRIED,Male,No,16000 ,17573 
1,36,MARRIED,Male,No,15000 ,17931 
1,42,MARRIED,Male,Yes,25000 ,20195 
1,45,SINGLE,Female,No,21000 ,14427 
0,45,SINGLE,Female,No,20000 ,18359 
0,42,MARRIED,Female,Yes,19000 ,13225 
1,26,SINGLE,Female,Yes,18000 ,18170 
0,45,MARRIED,Male,Yes,15000 ,15521 
1,35,SINGLE,Male,Yes,18000 ,17524 
1,24,MARRIED,Female,Yes,25000 ,19596 
1,24,SINGLE,Male,No,17000 ,20879 
0,43,MARRIED,Female,No,22000 ,15075 
1,43,MARRIED,Female,No,21000 ,16126 
0,44,SINGLE,Male,No,19000 ,19945 
1,45,SINGLE,Female,No,25000 ,17307 
1,32,SINGLE,Male,No,20000 ,15634 
1,31,MARRIED,Female,Yes,27000 ,12757 
1,33,MARRIED,Male,Yes,21000 ,15308 
1,42,SINGLE,Male,Yes,17000 ,14426 
0,37,SINGLE,Male,Yes,21000 ,17551 
1,38,MARRIED,Male,No,21000 ,16882 
1,25,SINGLE,Female,Yes,26000 ,17408 
0,44,SINGLE,Male,No,18000 ,17223 
1,32,MARRIED,Female,Yes,21000 ,18561 
1,35,SINGLE,Male,No,17000 ,17168 
1,30,SINGLE,Female,Yes,27000 ,16995 
1,33,MARRIED,Male,No,21000 ,19723 
0,41,SINGLE,Male,No,27000 ,16644 
1,33,SINGLE,Male,No,22000 ,12613 
1,31,SINGLE,Male,No,16000 ,12800 
1,24,SINGLE,Female,Yes,22000 ,18945 
1,29,SINGLE,Male,No,19000 ,20654 
1,43,SINGLE,Female,No,17000 ,18486 
1,29,SINGLE,Male,Yes,25000 ,17250 
1,29,SINGLE,Male,Yes,18000 ,17404 
1,42,SINGLE,Female,No,19000 ,15461 
0,41,SINGLE,Female,Yes,26000 ,14543 
1,32,MARRIED,Female,No,17000 ,13748 
1,25,SINGLE,Female,No,17000 ,15546 
0,39,MARRIED,Female,No,16000 ,18766 
0,38,SINGLE,Male,Yes,19000 ,13158 
1,38,SINGLE,Male,Yes,22000 ,14015 
0,40,SINGLE,Male,Yes,19000 ,15751 
1,25,SINGLE,Female,Yes,25000 ,20983 
1,35,MARRIED,Female,No,25000 ,19585 
1,34,SINGLE,Female,No,19000 ,18110 
1,28,SINGLE,Male,Yes,24000 ,18825 
1,28,MARRIED,Female,No,22000 ,19527 
0,39,MARRIED,Female,No,17000 ,14663 
1,26,MARRIED,Male,Yes,20000 ,20721 
1,34,MARRIED,Male,Yes,22000 ,11839 
1,29,SINGLE,Male,No,22000 ,20401 
1,27,SINGLE,Male,No,24000 ,18003 
1,36,MARRIED,Female,Yes,19000 ,12861 
1,24,SINGLE,Male,No,21000 ,18408 
1,46,SINGLE,Male,No,26000 ,20279 
0,40,SINGLE,Male,No,26000 ,16796 
1,33,SINGLE,Female,No,26000 ,14064 
1,35,MARRIED,Male,No,23000 ,12574 
1,35,SINGLE,Female,Yes,18000 ,16447 
1,33,SINGLE,Female,Yes,15000 ,18872 
1,39,SINGLE,Male,No,25000 ,12934 
1,39,SINGLE,Female,No,26000 ,13927 
1,26,SINGLE,Male,No,25000 ,20307 
1,30,SINGLE,Female,No,16000 ,18843 
1,28,MARRIED,Male,No,16000 ,19197 
1,33,MARRIED,Female,No,16000 ,15367 
1,29,SINGLE,Male,No,28000 ,13101 
1,45,SINGLE,Male,No,25000 ,19113 
1,32,MARRIED,Male,Yes,21000 ,19267 
1,24,MARRIED,Female,Yes,17000 ,18324 
1,28,SINGLE,Male,No,24000 ,18358 
1,27,MARRIED,Male,No,24000 ,17514 
1,24,MARRIED,Male,No,20000 ,18118 
0,38,SINGLE,Female,No,25000 ,14836 
1,45,SINGLE,Female,Yes,23000 ,17354 
1,32,MARRIED,Male,Yes,20000 ,16246 
1,44,MARRIED,Male,Yes,27000 ,14580 
1,43,SINGLE,Male,No,28000 ,19327 
1,46,SINGLE,Male,No,17000 ,19285 
1,37,MARRIED,Female,No,25000 ,16810 
1,36,SINGLE,Female,No,25000 ,18650 
1,26,SINGLE,Male,Yes,16000 ,19807 
1,29,MARRIED,Female,Yes,25000 ,17775 
1,29,MARRIED,Male,No,15000 ,12057 
1,24,SINGLE,Male,No,19000 ,13929 
1,34,SINGLE,Male,Yes,21000 ,16916 
0,40,SINGLE,Male,No,20000 ,19306 
1,36,SINGLE,Female,No,21000 ,12489 
1,35,SINGLE,Male,Yes,16000 ,18406 
1,29,SINGLE,Female,Yes,21000 ,16558 
1,28,MARRIED,Male,Yes,23000 ,18596 
0,37,SINGLE,Female,No,18000 ,13245 
0,45,MARRIED,Male,No,17000 ,16216 
1,46,MARRIED,Female,No,26000 ,18224 
1,35,SINGLE,Female,Yes,26000 ,16708 
1,32,SINGLE,Male,No,17000 ,14221 
1,33,MARRIED,Male,No,21000 ,16042 
1,32,SINGLE,Female,No,19000 ,12672 
0,39,SINGLE,Female,Yes,17000 ,19901 
1,31,MARRIED,Male,No,25000 ,20682 
1,33,SINGLE,Male,No,21000 ,17543 
1,32,SINGLE,Female,No,19000 ,16587 
1,26,MARRIED,Female,No,21000 ,14674 
1,28,SINGLE,Female,Yes,15000 ,20322 
1,34,SINGLE,Male,No,23000 ,16319 
1,44,SINGLE,Male,No,24000 ,15310 
1,30,SINGLE,Female,No,16000 ,18291 
1,25,SINGLE,Male,No,20000 ,17221 
0,42,MARRIED,Male,No,27000 ,12327 
0,41,SINGLE,Female,No,19000 ,14734 
0,40,MARRIED,Male,No,19000 ,15413 
1,24,SINGLE,Female,Yes,21000 ,16756 
1,33,MARRIED,Male,No,23000 ,19310 
1,28,SINGLE,Female,Yes,26000 ,17470 
1,25,SINGLE,Male,No,19000 ,15265 
1,39,SINGLE,Female,No,19000 ,12123 
1,25,MARRIED,Female,No,17000 ,14914 
1,42,SINGLE,Female,No,24000 ,17132 
1,27,MARRIED,Male,No,24000 ,13319 
1,33,SINGLE,Male,No,18000 ,18328 
1,28,SINGLE,Male,No,24000 ,20031 
1,46,MARRIED,Female,Yes,16000 ,19888 
1,24,SINGLE,Female,No,25000 ,17358 
1,26,MARRIED,Male,No,15000 ,16498 
1,24,SINGLE,Female,Yes,17000 ,12219 
0,40,SINGLE,Male,No,28000 ,16533 
1,34,SINGLE,Female,No,21000 ,13638 
1,43,SINGLE,Female,Yes,27000 ,18741 
0,37,SINGLE,Female,Yes,26000 ,16276 
1,41,SINGLE,Female,Yes,17000 ,16371 
1,27,SINGLE,Male,No,17000 ,14022 
1,35,SINGLE,Male,Yes,17000 ,15077 
1,33,SINGLE,Female,No,20000 ,14816 
1,41,MARRIED,Male,No,24000 ,11832 
1,43,SINGLE,Female,No,16000 ,12814 
1,32,SINGLE,Female,Yes,16000 ,16651 
1,31,SINGLE,Male,Yes,26000 ,18575 
1,40,SINGLE,Female,No,26000 ,18614 
1,24,SINGLE,Female,Yes,25000 ,16132 
1,41,SINGLE,Male,Yes,25000 ,20737 
1,42,SINGLE,Female,No,17000 ,17590 
1,29,SINGLE,Male,No,17000 ,18552 
1,37,MARRIED,Female,No,19000 ,20234 
1,33,SINGLE,Female,No,25000 ,17524 
1,30,SINGLE,Female,No,15000 ,18823 
0,40,MARRIED,Female,Yes,23000 ,16450 
0,38,MARRIED,Male,No,20000 ,19449 
1,24,SINGLE,Male,Yes,19000 ,17805 
0,45,SINGLE,Male,No,15000 ,11862 
1,31,SINGLE,Female,No,23000 ,15881 
1,26,MARRIED,Male,No,16000 ,18814 
1,29,SINGLE,Male,No,17000 ,11963 
1,30,SINGLE,Male,No,25000 ,16985 
0,43,SINGLE,Female,No,26000 ,18808 
0,43,SINGLE,Male,No,16000 ,17727 
1,25,SINGLE,Female,No,17000 ,18623 
1,35,SINGLE,Male,No,19000 ,16984 
1,34,SINGLE,Female,Yes,17000 ,14108 
1,32,SINGLE,Male,No,21000 ,13987 
1,27,SINGLE,Male,No,19000 ,15575 
1,31,SINGLE,Female,Yes,27000 ,11864 
1,26,SINGLE,Male,No,24000 ,13771 
1,35,SINGLE,Female,No,24000 ,18604 
1,34,SINGLE,Male,Yes,23000 ,20958 
1,44,SINGLE,Male,No,20000 ,19125 
1,31,MARRIED,Male,No,28000 ,19891 
1,38,SINGLE,Female,No,24000 ,14747 
1,35,SINGLE,Male,Yes,17000 ,20662 
0,44,MARRIED,Female,Yes,23000 ,19634 
0,43,SINGLE,Male,Yes,26000 ,16499 
1,34,SINGLE,Female,Yes,20000 ,12625 
1,24,SINGLE,Female,Yes,18000 ,18206 
1,26,SINGLE,Male,Yes,22000 ,17348 
1,28,SINGLE,Male,Yes,25000 ,13035 
1,34,SINGLE,Male,Yes,21000 ,15560 
1,31,SINGLE,Female,No,21000 ,15528 
1,32,SINGLE,Male,No,23000 ,14842 
1,44,SINGLE,Male,No,16000 ,18777 
1,32,SINGLE,Female,No,16000 ,18297 
1,43,MARRIED,Female,Yes,25000 ,11831 
1,35,SINGLE,Female,No,23000 ,19874 
0,36,SINGLE,Female,Yes,18000 ,13652 
1,35,MARRIED,Male,No,23000 ,13643 
0,36,MARRIED,Male,Yes,21000 ,12968 
1,38,SINGLE,Male,No,23000 ,12118 
1,33,SINGLE,Female,No,27000 ,14706 
0,39,MARRIED,Female,No,22000 ,17280 
0,40,SINGLE,Male,No,16000 ,15613 
0,41,SINGLE,Female,Yes,16000 ,15238 
1,38,SINGLE,Male,Yes,21000 ,18124 
1,31,SINGLE,Male,No,15000 ,17514 
1,46,MARRIED,Female,No,17000 ,19174 
1,32,SINGLE,Male,No,21000 ,20749 
1,41,SINGLE,Female,No,28000 ,14123 
1,35,SINGLE,Female,Yes,21000 ,14233 
1,25,SINGLE,Male,Yes,23000 ,18233 
1,39,SINGLE,Male,No,25000 ,20792 
1,25,SINGLE,Male,Yes,28000 ,20535 
1,38,SINGLE,Male,No,15000 ,20405 
0,36,SINGLE,Male,No,15000 ,12957 
0,46,SINGLE,Male,No,24000 ,20810 
1,29,MARRIED,Female,No,25000 ,12523 
1,26,SINGLE,Male,No,25000 ,13630 
0,45,SINGLE,Male,No,21000 ,18329 
1,34,SINGLE,Male,Yes,26000 ,20908 
1,29,SINGLE,Male,Yes,26000 ,15591 
1,44,SINGLE,Female,No,18000 ,19151 
1,25,SINGLE,Female,No,19000 ,13335 
1,31,SINGLE,Female,Yes,16000 ,20768 
1,34,SINGLE,Male,No,26000 ,15096 
0,44,MARRIED,Male,Yes,25000 ,19816 
1,34,SINGLE,Male,No,26000 ,18357 
1,29,SINGLE,Male,Yes,23000 ,19380 
1,45,SINGLE,Male,No,15000 ,17167 
1,30,SINGLE,Male,No,20000 ,14135 
0,40,SINGLE,Male,No,25000 ,17759 
0,40,SINGLE,Male,Yes,24000 ,16793 
1,28,SINGLE,Male,No,25000 ,13373 
1,33,SINGLE,Male,Yes,24000 ,17818 
0,44,MARRIED,Male,Yes,22000 ,13551 
1,43,MARRIED,Female,No,22000 ,14693 
1,24,SINGLE,Female,No,27000 ,13466 
1,45,SINGLE,Female,Yes,18000 ,14280 
1,41,SINGLE,Female,No,19000 ,16921 
1,42,SINGLE,Male,No,24000 ,13038 
1,39,SINGLE,Male,Yes,26000 ,14931 
1,38,SINGLE,Female,No,19000 ,20792 
1,30,SINGLE,Female,Yes,23000 ,14277 
1,40,MARRIED,Female,Yes,23000 ,16316 
0,42,SINGLE,Female,Yes,16000 ,15033 
0,41,SINGLE,Male,No,16000 ,20721 
1,33,SINGLE,Male,Yes,16000 ,17916 
1,30,SINGLE,Female,Yes,23000 ,12514 
1,24,SINGLE,Male,No,22000 ,14421 
1,32,SINGLE,Male,Yes,27000 ,15635 
1,35,SINGLE,Male,No,19000 ,12137 
1,30,SINGLE,Male,No,16000 ,20798 
1,26,SINGLE,Female,Yes,25000 ,18386 
1,24,SINGLE,Male,Yes,25000 ,19824 
0,43,SINGLE,Male,No,17000 ,14225 
0,38,SINGLE,Male,No,20000 ,19755 
0,44,SINGLE,Male,No,23000 ,20050 
1,30,MARRIED,Male,No,23000 ,15748 
0,39,SINGLE,Female,Yes,22000 ,16286 
1,43,SINGLE,Male,No,27000 ,15420 
0,39,SINGLE,Male,Yes,18000 ,20554 
1,46,SINGLE,Male,No,19000 ,14971 
0,42,SINGLE,Male,Yes,21000 ,14507 
1,27,SINGLE,Male,No,26000 ,14380 
1,34,MARRIED,Male,No,15000 ,19425 
1,26,SINGLE,Female,No,25000 ,16335 
1,29,SINGLE,Female,No,20000 ,20869 
1,44,MARRIED,Female,No,18000 ,17959 
1,46,SINGLE,Female,Yes,21000 ,14442 
1,33,SINGLE,Female,Yes,25000 ,13858 
1,38,SINGLE,Female,Yes,21000 ,17460 
1,31,MARRIED,Male,No,18000 ,18293 
0,36,SINGLE,Female,No,25000 ,14732 
1,43,SINGLE,Male,No,24000 ,17166 
1,27,SINGLE,Female,No,26000 ,20130 
1,37,SINGLE,Male,No,23000 ,14993 
